filename,sha256,captured_at,effective_width,effective_height,orientation,scope,scene_cluster,people,quality_score,technical_flags,near_duplicate_group,is_group_best,editorial_role,gallery_group,confidence,story_evidence,notes
20260824_212544.jpg,d98fe9b7dee3103557cede93780fb30a5c06ee95c19f744a05598e806a3828a6,2026-08-24 21:25:44,4000,2252,landscape,unrelated,other,none,3,sharp,OSAKA-NIGHT-01,true,omit,none,high,前夜（8/24）大阪市區高樓遠眺梅田方向璀璨夜景。,8/24 前夜大阪夜景，非 8/25 鞍馬貴船當日行程，判定為 unrelated 予以淘汰。
20260824_212556.jpg,b4d276dc60535cb12a122ed2ea77791c9639bf9403e324533f983c103ff03b56,2026-08-24 21:25:56,4000,2252,landscape,unrelated,other,none,2,sharp,OSAKA-NIGHT-01,false,omit,none,high,前夜（8/24）大阪市區高樓夜景不同構圖。,OSAKA-NIGHT-01 連拍次佳張，視角略為偏向側面建物，淘汰。
20260824_212848.jpg,f48aa0688e511254e3793cc94cc4482550b6c78396542393a54b8bcccccfbb99,2026-08-24 21:28:48,4000,2252,landscape,unrelated,other,none,2,obstruction,OSAKA-NIGHT-01,false,omit,none,high,前夜（8/24）大阪市區高樓夜景，帶有窗框與平台反光結構。,OSAKA-NIGHT-01 連拍候補張，前景有玻璃反光與窗台邊框遮蔽，淘汰。
20260825_070306.jpg,863548fa4b49df871edf7a5ae86fa57d7ebbb4d19b83093a0e9581d45ab75ee4,2026-08-25 07:03:06,2252,4000,portrait,kurama_kifune,osaka_departure,tourist,3,sharp,,true,omit,none,high,清晨 07:03 大阪車站/京橋方向月台發車時刻電子螢幕與通勤旅客。,記錄清晨大阪出發時刻，但月台畫面美感與識別度一般，正文與燈箱省略。
20260825_081634.jpg,a7d55c2c96c1e6f190117950634b8fb225023a4fa77d894e146dff1a40ce038d,2026-08-25 08:16:34,2252,4000,portrait,kurama_kifune,train_to_kurama,none,3,sharp,EIDEN-TRAIN-EXT-01,false,omit,none,high,出町柳站月台停靠之叡山電車車廂側面。,EIDEN-TRAIN-EXT-01 候補張，車體角度較斜且有月台陰影，不及 #6 完整，淘汰。
20260825_081722.jpg,e9a9e944e07c82c7c435b51d7d897a44b6a30964caa9639e9a74bf1ddcbc8577,2026-08-25 08:17:22,2252,4000,portrait,kurama_kifune,train_to_kurama,none,4,sharp,EIDEN-TRAIN-EXT-01,true,gallery_only,portrait,high,出町柳站對向月台停靠之經典綠色叡山電車（青紅葉塗裝）。,EIDEN-TRAIN-EXT-01 勝出張，清晰捕捉叡電綠色車體與木造月台燈籠氛圍。
20260825_081750.jpg,8594bb51d3a107ed6a993687f6922f0aa0f2e134dd58e0f861cb9aa6c0f436de,2026-08-25 08:17:50,2252,4000,portrait,kurama_kifune,train_to_kurama,none,3,sharp,,true,omit,none,high,叡山電車駕駛室前方擋風玻璃望向市區鐵軌分岔點。,市區段鐵軌展望，尚未進入山林綠色隧道，構圖偏紀實，省略。
20260825_084921.jpg,7c3da629bdfee929c9ba805f72cd3e1235c26da069db72c0721024bc13101877,2026-08-25 08:49:21,2252,4000,portrait,kurama_kifune,train_to_kurama,none,4,sharp,,true,body_anchor,portrait,high,叡山電車穿梭於青紅葉綠色隧道，陽光自枝葉間穿透鐵軌延伸至遠山。,正文敘事第 1 段錨點（前往鞍馬），完美呈現開往洛北山林的沉浸式展望視角。
20260825_085221.jpg,8f2d73bb17202ed316ddcede7ab0735bde1e7d97426b903ca0f5d08c4dde62ff,2026-08-25 08:52:21,2252,4000,portrait,kurama_kifune,train_to_kurama,none,3,sharp,EIDEN-WINDOW-01,false,omit,none,high,電車內部金屬車窗框望向彎道綠林鐵道。,EIDEN-WINDOW-01 候補張，窗框反光較多，淘汰。
20260825_085322.jpg,083a837766ec58e08bb857f5bcbfcc72b9b9f44badb9faaad448adf00ac682ee,2026-08-25 08:53:22,2252,4000,portrait,kurama_kifune,train_to_kurama,none,3,sharp,EIDEN-WINDOW-01,false,omit,none,high,車窗望向直行鐵軌與兩側紅花綠樹。,EIDEN-WINDOW-01 候補張，構圖平淡，淘汰。
20260825_085410.jpg,1acd0c3183d84fd66c80600d8d5ced623924057c24a08f18b603ba0da1c5d23a,2026-08-25 08:54:10,2252,4000,portrait,kurama_kifune,train_to_kurama,none,3,sharp,EIDEN-WINDOW-01,false,omit,none,high,車廂內縮視角框取即將抵達之鞍馬站終點月台。,EIDEN-WINDOW-01 候補張，車門邊框佔比過大，不及 #12 緊湊，淘汰。
20260825_085413.jpg,69c9def445df9f429ef3a2a561f6b43b777cbce664550b43a4e57213ffe82ade,2026-08-25 08:54:13,2252,4000,portrait,kurama_kifune,train_to_kurama,none,4,sharp,EIDEN-WINDOW-01,true,gallery_only,portrait,high,透過車窗框景清晰望見鞍馬站木造站房與終端式月台。,EIDEN-WINDOW-01 勝出張，窗景畫框感極佳，記錄抵達終點站瞬間。
20260825_085526.jpg,3721779936288a7f714711f46c6fa9ac082b95bf1aa3ff4f4ab6680b24215f90,2026-08-25 08:55:26,2252,4000,portrait,kurama_kifune,kurama_station_tengu,none,4,sharp,,true,gallery_only,portrait,high,鞍馬站月台木造大屋頂立柱上懸掛之朱紅天狗面具。,獨特細節特寫，呈現鞍馬作為天狗之鄉的月台玄關意象。
20260825_085555.jpg,46e6ffeafb73dd6ae0a90db5650b280784e7d9ae31e16033b5d4787969eb18b1,2026-08-25 08:55:55,2252,4000,portrait,kurama_kifune,kurama_station_tengu,none,3,sharp,,true,omit,none,high,水藍色叡山電車停靠於鞍馬終端月台止衝擋盡頭。,月台終端紀錄張，已收錄綠色叡電 #6 與車窗 #12，為避免車輛篇幅過重予以省略。
20260825_085618.jpg,04b900789474f4f932b53bded8ce89b81290313f9d395fdfef3b2226d577b9fc,2026-08-25 08:56:18,2252,4000,portrait,kurama_kifune,kurama_station_tengu,none,3,sharp,,true,omit,none,high,鞍馬車站候車室內的天狗面具與歷史繪卷展示板。,站內文史展示紀錄，內容稍顯雜亂，省略。
20260825_085636.jpg,f04ec73ab7548db9b574c34b4b7f0d4418c323b0050373e7a8933c628c2a0513,2026-08-25 08:56:36,2252,4000,portrait,kurama_kifune,kurama_station_tengu,none,4,sharp,KURAMA-TENGU-01,false,gallery_only,portrait,high,鞍馬站前二代巨大大天狗雕像直式仰角特寫。,KURAMA-TENGU-01 直式候選張，因橫式 #17 獲選為正文錨點，此張作為直式燈箱補充。
20260825_085651.jpg,d6b6df79af9c4a66f06cab036c5de037a1782905601cece395439fdf2c1a55a2,2026-08-25 08:56:51,4000,2252,landscape,kurama_kifune,kurama_station_tengu,none,5,sharp,KURAMA-TENGU-01,true,body_anchor,landscape,high,鞍馬站前廣場、木造站房、巨大紅臉長鼻大天狗與後方翠綠山林全景。,KURAMA-TENGU-01 勝出張。正文第 2 段錨點（抵達鞍馬），經典橫幅構圖納入站房與退役電車。
20260825_085838.jpg,e81469553144573e72ec16b37cbf8cce719e2ce8ef3b8e7b5c7c2a0e4b88db96,2026-08-25 08:58:38,2252,4000,portrait,kurama_kifune,kuramadera_approach,tourist,3,sharp,,true,omit,none,high,鞍馬寺山門前石階步道與導覽立牌，登山遊客背影。,參道起點階梯紀錄，前方有白色告示牌略微遮擋視覺重心，省略。
20260825_085939.jpg,cfcd659abd2a4cf425f686e55798de0640aeeaf82b5b4ae3a4d08b1bc557c282,2026-08-25 08:59:39,2252,4000,portrait,kurama_kifune,kuramadera_approach,none,4,sharp,,true,gallery_only,portrait,high,石板參道兩側排列朱紅春日燈籠，筆直導向仁王門。,透視線優美之直式參道引導畫面。
20260825_090010.jpg,198fb719dc8c73b482b4185d2e4beff9c4516abe5d1aa5957c21a7fcdf488196,2026-08-25 09:00:10,4000,2252,landscape,kurama_kifune,kuramadera_approach,tourist,5,sharp,,true,body_anchor,landscape,high,鞍馬寺仁王門（山門）正面宏偉全景，石階兩側朱紅燈籠與義經祭布條。,正文第 3 段錨點（鞍馬寺山門），大氣橫幅呈現莊嚴山門入口與鞍馬山匾額。
20260825_090152(1).jpg,5d9df5367bceaeebb6465760e3eccc18014d04dfcb1d9615828437a9c60affe9,2026-08-25 09:01:52,2252,4000,portrait,kurama_kifune,kuramadera_approach,none,3,sharp,,true,omit,none,high,穿過山門後的石階參道，兩側朱紅獻燈在綠蔭下層層向上延伸。,山門後石階，與 #19 參道燈籠同質性高，精簡燈箱予以省略。
20260825_090528.jpg,1f5fefd937586eb3351682a75162295fd61e7f1c56ed65e8b317e44d7ec670b4,2026-08-25 09:05:28,2252,4000,portrait,kurama_kifune,kuramadera_approach,none,3,sharp,,true,omit,none,high,參道旁普門軒與林間休憩平台光影。,林間陰影反差大，主題較不明顯，省略。
20260825_090809.jpg,cd5a5bfa95f3281f3032e80e2cdb04fadbaa226393cbcef957386a814b35defe,2026-08-25 09:08:09,2252,4000,portrait,kurama_kifune,kuramadera_approach,none,3,sharp,,true,omit,none,high,深山古樹環抱下的朱紅末社小祠。,構圖平實之小祠紀錄，省略。
20260825_090902.jpg,f2b8643d9f919ed2aabab46575281e1fa88e9f37287427f21089521d81e4e991,2026-08-25 09:09:02,2252,4000,portrait,kurama_kifune,kuramadera_approach,none,3,sharp,,true,omit,none,high,前往由岐神社途中開闊碎石庭院與石燈籠。,過渡場景，光線較硬，省略。
20260825_091025.jpg,4f89557c782db3a4df25db93627212be8492cc62f9f6f82dcc81358081a82f00,2026-08-25 09:10:25,2252,4000,portrait,kurama_kifune,yuki_jinja,none,3,sharp,YUKI-TORII-01,false,omit,none,high,由岐神社石造鳥居與重要文化財拜殿遠景。,YUKI-TORII-01 遠景候選，左側碎石地面較空，不及 #27 (橫幅) 豐富，淘汰。
20260825_091038.jpg,604536d002fac98a24027b0b5fb319d2b3da07df55e1de289e86621eace29aa1,2026-08-25 09:10:38,2252,4000,portrait,kurama_kifune,yuki_jinja,none,3,sharp,YUKI-TORII-01,false,omit,none,high,由岐神社石造鳥居正面仰角近景。,YUKI-TORII-01 直式近景，已有橫幅全景 #27 勝出入選燈箱，此張省略。
20260825_091044.jpg,b8cfb890bb86b2087d4f97c85f5807ef3a1ae77a57eb54deb0f2da82257e5865,2026-08-25 09:10:44,3909,2201,landscape,kurama_kifune,yuki_jinja,none,4,sharp,YUKI-TORII-01,true,gallery_only,landscape,high,由岐神社石鳥居、割拜殿建築、手水舍與後方山林橫幅全貌。,YUKI-TORII-01 勝出張，完整呈現由岐神社入口橫向空間格局。
20260825_091132.jpg,e3f5375ae8c6bcf6ad7bb2389411d9648039cd6e202e50447c64ddbdeb5f9dea,2026-08-25 09:11:32,2252,4000,portrait,kurama_kifune,yuki_jinja,none,3,sharp,YUKI-SUGI-01,false,omit,none,high,由岐神社石階下方仰望大杉神木。,YUKI-SUGI-01 角度偏低，神木上段被前景樹葉遮擋，不及 #29 (091158)，淘汰。
20260825_091158.jpg,02b3dfeb3c533ec0f74fa3a916e937763f380d6adc6ee3d69699dc33e3552bd5,2026-08-25 09:11:58,2252,4000,portrait,kurama_kifune,yuki_jinja,none,5,sharp,YUKI-SUGI-01,true,body_anchor,portrait,high,由岐神社陡峭石階直通參天巨大神木「大杉社」，注連繩與晴空相映。,YUKI-SUGI-01 勝出張。正文第 4 段錨點（由岐神社與神木），樹幹直衝雲霄之垂直震撼力極強。
20260825_091218.jpg,c6793c3a14a5dea36647336f524f15f271d1c7a23e1d308a55069e186771e3c3,2026-08-25 09:12:18,2252,4000,portrait,kurama_kifune,yuki_jinja,none,3,sharp,,true,omit,none,high,由岐神社境內木造末社「岩上社」木鳥居與石燈籠。,末社細節紀錄，光影對比強，省略。
20260825_091245.jpg,b37a2ff661c0422b416aa1f99a3645c40b0767dd6e6bf988058d4151bedd5c3e,2026-08-25 09:12:45,2252,4000,portrait,kurama_kifune,yuki_jinja,none,3,sharp,,true,omit,none,high,由岐神社大杉神木粗壯樹幹特寫，繫有粗注連繩與奉納木牌。,神木樹幹紋理特寫，已有正文大杉全景 #29，省略。
20260825_091334.jpg,5eb1e9d3a36d51c5222e211184c0c536cab537dd73815a7bbe608f56679b9c88,2026-08-25 09:13:34,2252,4000,portrait,kurama_kifune,yuki_jinja,none,4,sharp,,true,gallery_only,portrait,high,從由岐神社石階高處回望山門屋頂、鳥居與下方深邃翠綠杉林。,回望俯瞰視角，表現鞍馬山層疊向上的地形層次。
20260825_091628.jpg,998e403534eaa71d319ad7643f45ca33c55a514bdccc836e59c8f8f81cd64b4f,2026-08-25 09:16:28,2252,4000,portrait,kurama_kifune,kuramadera_approach,none,3,sharp,,true,omit,none,high,九十九折參道碎石山徑穿梭於筆直杉木林間。,九十九折林道過渡張，已有光影更佳之 #34 入選燈箱，省略。
20260825_091926.jpg,04bcc9c7fce64ab9b7159595fbb85af0d12bbc95082cd7094fbf904d2b3592d8,2026-08-25 09:19:26,2252,4000,portrait,kurama_kifune,kuramadera_approach,none,4,sharp,,true,gallery_only,portrait,high,樹冠灑落斑駁晨光的九十九折參道轉彎處。,樹影光斑極美之直式山徑景致。
20260825_092046.jpg,41103fad81679ca8feae190c92817643f934672d63e55102d92156c3a2988e11,2026-08-25 09:20:46,4000,2252,landscape,kurama_kifune,kuramadera_approach,none,4,sharp,CHUMON-GATE-01,true,body_anchor,landscape,high,鞍馬寺中門（原勅使門）古樸木造門樓橫幅全景，石階與林木環繞。,CHUMON-GATE-01 勝出張。正文第 5 段錨點（九十九折與中門），橫幅平衡展現中門古典切妻造屋頂。
20260825_092052.jpg,82066011aa4cb425769114e18262e9501b4d2ffe12c43a25aa7e2e5cdf8d5fa7,2026-08-25 09:20:52,2252,4000,portrait,kurama_kifune,kuramadera_approach,none,3,sharp,CHUMON-GATE-01,false,omit,none,high,鞍馬寺中門直式視角，門側與山徑。,CHUMON-GATE-01 候補張，中門屋頂右側被切除，不及 #35 完整，淘汰。
20260825_092346.jpg,2cd2d53225359f533a8f612da99b92a8bfd4ddbaecd2fb4dd210a3cf3fc6f106,2026-08-25 09:23:46,2252,4000,portrait,kurama_kifune,kuramadera_approach,none,3,sharp,,true,omit,none,high,青苔石壁旁的石階緩坡，斜射晨光在石階上形成幾何光影。,緩坡石階，已有登頂前長石階 #39 入選燈箱，省略。
20260825_092537.jpg,4344133c8326a73be81e21b7f7825c7b537a460c49235f4f95a9ab29577336ef,2026-08-25 09:25:37,2252,4000,portrait,kurama_kifune,kuramadera_approach,none,3,sharp,,true,omit,none,high,通往本殿金堂之最後弧形上坡石階與紅燈籠。,過渡石階，視覺張力不及緊隨其後的 #39 (092831)，省略。
20260825_092831.jpg,7fe918831de45d698789a30d5b9cf30195845ddc027d18713d3ee47746ff4542,2026-08-25 09:28:31,2252,4000,portrait,kurama_kifune,kuramadera_approach,none,4,sharp,,true,gallery_only,portrait,high,登頂本殿金堂前的陡峭長石階，兩側排列密集朱紅燈籠與青綠山坡。,直式登頂石階氣勢拔萃，引導進入本殿金堂。
20260825_093541.jpg,cc5ba5c0c32222bba1735a26e375172c8897e59bc8ebad828cbf8090b4780392,2026-08-25 09:35:41,4000,2252,landscape,kurama_kifune,kongo_floor,none,5,sharp,KONDO-KONGO-01,true,hero_candidate,landscape,high,鞍馬寺本殿金堂正面對稱全景，前景為著名的六角星芒「金剛床」宇宙能量中心地磚。,【Hero 候選 1】KONDO-KONGO-01 勝出張。代表鞍馬命題（宇宙能量交會中心與本殿莊嚴殿宇）。完美 16:9 橫幅對稱構圖，無遊客干擾。
20260825_093545.jpg,56582137e4d689e22720c1bd2b8f30bd2845f596dc5efcf737319fc4def9b4fe,2026-08-25 09:35:45,2252,4000,portrait,kurama_kifune,kongo_floor,none,4,sharp,KONDO-KONGO-01,false,omit,none,high,直式構圖之鞍馬寺本殿金堂與金剛床，天空晴朗白雲朵朵。,KONDO-KONGO-01 直式備選張。因橫幅 #40 作為 Hero 1 勝出，此張予以省略以維持燈箱精簡。
20260825_094115.jpg,f7dc3ca9b69af5577426a55665d28a2bd18d8e486eb6da5e9c003f908d45d526,2026-08-25 09:41:15,2252,4000,portrait,kurama_kifune,kuramadera_kondo,none,3,sharp,,true,omit,none,high,鞍馬寺本坊（金剛壽院）玄關建築與石板步道。,寺院辦公附屬建築，非核心參觀亮點，省略。
20260825_094125.jpg,8f020bcbc0804c23731e800b46774fb5d784e6acf5038642d84525a1d7e78ac5,2026-08-25 09:41:25,2252,4000,portrait,kurama_kifune,kuramadera_kondo,none,3,sharp,,true,omit,none,high,金堂側邊日式庭院木造迴廊與青楓枝葉。,庭院迴廊紀錄，畫面右側有逆光微光斑，省略。
20260825_094210.jpg,ee401864216cc0f05b16d86ed89f7ae57fd4d84a94c877f88da1bb104603bc27,2026-08-25 09:42:10,4000,2252,landscape,kurama_kifune,kuramadera_kondo,none,4,sharp,KONDO-PLAZA-01,true,gallery_only,landscape,high,金堂前開闊廣場全景，左側朱紅高欄、側殿與遠方群山晴空。,KONDO-PLAZA-01 勝出張，帶入朱紅欄杆與深邃山巒，空間層次鮮明。
20260825_094213.jpg,95f5a00041bc013b58da2e7b8564b22564da2a5275aea724ed36a7af785d226c,2026-08-25 09:42:13,4000,2252,landscape,kurama_kifune,kuramadera_kondo,tourist,3,sharp,KONDO-PLAZA-01,false,omit,none,high,金堂廣場碎石空地視角。,KONDO-PLAZA-01 候補張，右下角有遊客切入邊緣，不及 #44 乾淨，淘汰。
20260825_094226.jpg,6c4c2a00806f53652d1fa1dc0336073f3c1aa0200a42edcd53e2be069b5f0aca,2026-08-25 09:42:26,4000,2252,landscape,kurama_kifune,kuramadera_kondo,none,4,sharp,,true,gallery_only,landscape,high,從本殿金堂展望台俯瞰洛北群山連綿與藍天白雲遠景。,呈現鞍馬寺高踞山巔的開闊地理視界。
20260825_094303.jpg,f7ce91c86b431a3c6d2e2858de9b0d787be4f37b7a7696bcb3c19126cf02c618,2026-08-25 09:43:03,4000,2252,landscape,kurama_kifune,kuramadera_kondo,none,4,sharp,,true,gallery_only,landscape,high,斜角仰望本殿金堂朱紅立柱與灰瓦歇山重簷。,金堂斜角建築細部紀錄，色彩飽滿。
20260825_094448.jpg,e1a511b63161cc395ab288fd6eed35b42f629c1a0c41b7899c84b5ac3ddee307,2026-08-25 09:44:48,4000,2252,landscape,kurama_kifune,okunoin_trail,none,4,sharp,OKUNOIN-GATE-01,true,body_anchor,landscape,high,奧之院參道入口木造門廊與指示牌（奧の院參道），通往翻山古道起點。,OKUNOIN-GATE-01 勝出張。正文第 6 段錨點（翻山起點），標誌著從寺院建築區跨入幽深古道的界線。
20260825_094451.jpg,b78f523a9f911f2c2d57c5e2be5a7d2df6a48163f10c62e7bdbb73d4b1d42def,2026-08-25 09:44:51,2252,4000,portrait,kurama_kifune,okunoin_trail,none,3,sharp,OKUNOIN-GATE-01,false,omit,none,high,奧之院參道入口直式視角。,OKUNOIN-GATE-01 直式候補，門廊兩側橫向延展感不如橫幅 #48，淘汰。
20260825_095103.jpg,23710a38ca2159803a6128dc8548db97100033f026b7868174df9ceda341b9be,2026-08-25 09:51:03,2252,4000,portrait,kurama_kifune,okunoin_trail,none,3,sharp,,true,omit,none,high,奧之院山徑旁隱密的木造山神小祠。,山徑途中小祠，光線較暗，省略。
20260825_095113.jpg,5756ac9839f36711dbc19914622a7e9732bb40eab75205f78d46161c6bb9c09c,2026-08-25 09:51:13,2252,4000,portrait,kurama_kifune,okunoin_trail,none,3,sharp,,true,omit,none,high,奧之院原始森林中陡峭上行的木階與繩索護欄。,山道陡坡過渡張，省略。
20260825_100011.jpg,bdd062232455313a92a1c5e98f9a1fb35c54cca347091dbd327d0951c9d6f71f,2026-08-25 10:00:11,2252,4000,portrait,kurama_kifune,yoshitsune_history,none,4,sharp,,true,body_anchor,portrait,high,歷史遺跡「35 遮那王 背比石」（義經背比石）木柵欄與解說立牌。,正文第 7 段錨點（義經歷史），源義經 16 歲下山奧州前比試身高的歷史見證關鍵標的。
20260825_100549.jpg,522c3d0673ccab8bc118ecb6b3f4d7e83e521bc087f5778b737d8f980047619e,2026-08-25 10:05:49,2252,4000,portrait,kurama_kifune,okunoin_trail,none,3,sharp,,true,omit,none,high,大杉權現神木遺跡前方石階與林中陽光。,大杉權現遺跡石階，已有木之根道 #54 與背比石 #52，此張省略。
20260825_100843.jpg,6f9e457830777be258ee59f4e1f98c9a33f9b43d4e57cb7c9e0541416f650ade,2026-08-25 10:08:43,2252,4000,portrait,kurama_kifune,kinone_trail,none,5,sharp,,true,hero_candidate,portrait,high,著名天然奇景「木之根道」（木の根道），堅硬砂岩地質迫使杉木根系於地表交織成網。,【Hero 候選 2】代表翻山命題（木之根道、天狗兵法與大地生命力）。直式構圖將盤根錯節的樹根網絡從前景延伸至深處，極富視覺震撼。
20260825_101233.jpg,6dd0b9ab1eff91ed18e0be8d9f15d925bf916c50a906fca0864fc1cfcdab91dc,2026-08-25 10:12:33,2252,4000,portrait,kurama_kifune,okunoin_trail,none,3,sharp,,true,omit,none,high,步道分岔路標：「西門 570m / 貴船神社 680m」與「本殿 910m / 仁王門 1910m」。,步道路標紀錄，純資訊指引，省略。
20260825_101236.jpg,5fb568666891eb3ab420285edf0931337a237c10c7d318a046a27c8dd09f4d01,2026-08-25 10:12:36,2252,4000,portrait,kurama_kifune,okunoin_trail,none,3,sharp,,true,omit,none,high,往西門下坡土徑與樹根路段。,普通林道下坡畫面，視覺亮點不足，省略。
20260825_101853.jpg,cbc20be1b485a7bf5e3fc29eb3d4ce29bf7920cdfc4548770ab2bceebc6f11c2,2026-08-25 10:18:53,2252,4000,portrait,kurama_kifune,okunoin_trail,none,3,sharp,,true,omit,none,high,下切至貴船谷地的陡峭石階步道，兩側綠意深濃。,下山石階過渡張，省略。
20260825_103725.jpg,e9cdaeca57c3d6f72e7a93bea573c4f78dc074d4a7658255225b7b9daec53a4e,2026-08-25 10:37:25,2252,4000,portrait,kurama_kifune,kifune_arrival,none,4,sharp,,true,body_anchor,portrait,high,鞍馬寺西門出山口木牌「鞍馬寺西門」、橋頭朱紅欄杆與往貴船神社 100m 指示標。,正文第 8 段錨點（抵達貴船），翻山健行完登、跨越奧貴船橋銜接貴船街道之關鍵節點。
20260825_103901.jpg,de5f4f766ee9d86eb2cd9f7068ba441fa14c92056ebccef2d6d91578f04a545e,2026-08-25 10:39:01,2252,4000,portrait,kurama_kifune,kifune_shrine,tourist,3,sharp,,true,omit,none,high,貴船神社一之鳥居朱紅大門，頭頂覆蓋鮮亮青楓（青紅葉）。,貴船一之鳥居入口，已有正文西門出山口 #58 與石階 Hero #60，省略。
20260825_104001.jpg,5cea89ce4626500d9c53aa685861ca4e6e51becdff59b6e1214dbd1dbba30ed5,2026-08-25 10:40:01,2096,3722,portrait,kurama_kifune,kifune_shrine,tourist,5,sharp,KIFUNE-STAIRS-01,true,hero_candidate,portrait,high,貴船神社代表性春日燈籠石階參道，兩側朱紅獻燈向上延展，青紅葉林蔭覆頂。,【Hero 候選 3】KIFUNE-STAIRS-01 勝出張。代表貴船命題（水神聖地與經典青紅葉燈籠石階）。直式色彩極其飽滿，遊客位於頂端不干擾整體氣勢。
20260825_104108.jpg,715373f7be55b9fd8ca5620cac9535cac5acf84099da26acd4d5bcb9332eb30f,2026-08-25 10:41:08,2252,4000,portrait,kurama_kifune,kifune_shrine,tourist,4,sharp,KIFUNE-STAIRS-01,false,omit,none,high,貴船神社石階參道向上攀爬中段視角。,KIFUNE-STAIRS-01 候補張，角度稍高，石階透視感略遜於 #60，淘汰。
20260825_104128(1).jpg,daad29dc35f476c307fd0b383e73e39218bf4b84f6e9f9c858b5a86aa12ed7f1,2026-08-25 10:41:28,2252,4000,portrait,kurama_kifune,kifune_shrine,none,3,sharp,KIFUNE-STAIRS-01,false,omit,none,high,貴船神社石階接近本殿山門處仰角。,KIFUNE-STAIRS-01 頂段視角，已有 Hero #60 勝出，為避免石階重複過多予以省略。
20260825_104811.jpg,06f0916217261a4301665f6402bbcdef27967cf92c7d496e76cb3aec5af0a4ae,2026-08-25 10:48:11,2252,4000,portrait,kurama_kifune,water_fortune,none,5,sharp,WATER-FORTUNE-01,true,body_anchor,portrait,high,貴船神社御神水池中漂浮的「水占卜籤詩」（水占みくじ），字跡於水面上逐漸顯現。,WATER-FORTUNE-01 勝出張。正文第 9 段錨點（水占卜），微距細膩捕捉清澈山泉水面與浮籤神聖瞬間。
20260825_104822.jpg,2fbb43c889c84eb191ab68f80bfd82eae8b15e447b352414e8e888fe1098ec3c,2026-08-25 10:48:22,2252,4000,portrait,kurama_kifune,water_fortune,none,3,sharp,WATER-FORTUNE-01,false,omit,none,high,水占卜御神水池旁多國語言操作說明解說牌。,WATER-FORTUNE-01 候補張，純立牌指示，省略。
20260825_104827.jpg,0370533c758aecadd6cedc4f3bf6160ff5a08e4f4c1f3d5e516c8aa3be21f1f8,2026-08-25 10:48:27,2252,4000,portrait,kurama_kifune,water_fortune,tourist,4,sharp,WATER-FORTUNE-01,false,gallery_only,portrait,high,遊客彎腰將水占籤置於苔蘚石壁下御神水池中等待顯字之動態現場。,WATER-FORTUNE-01 人文現場張，生動記錄水占卜參與過程，入選直式燈箱。
20260825_104955.jpg,2b4a7187136e4c01e26d20ac90c76e866fee1ac87f020e29c658e75afb2aecdc,2026-08-25 10:49:55,2252,4000,portrait,kurama_kifune,kifune_shrine,none,3,sharp,,true,omit,none,high,貴船神社境內黑白雙神馬雕像（繪馬發祥地歷史象徵）。,境內神馬雕像紀錄，省略。
20260825_105004.jpg,6c7030be59229d9a398dc8fe263d825f33e4c6d8a4a8417ac58925407076776d,2026-08-25 10:50:04,2252,4000,portrait,kurama_kifune,kifune_shrine,tourist,3,sharp,,true,omit,none,high,貴船神社休憩所「心行館」與庭院遊客。,庭院休息處，逆光陰影較重，省略。
20260825_105310.jpg,0939c864cdc93dafef9eb4f5b471780502fec564b0e8d08351cab94ceeee112c,2026-08-25 10:53:10,2252,4000,portrait,kurama_kifune,kawadoko_stream,tourist,5,sharp,KAWADOKO-OVERVIEW-01,true,body_anchor,portrait,high,貴船川急流瀑布上方架設的川床水上榻榻米座席與野點傘。,KAWADOKO-OVERVIEW-01 勝出張。正文第 10 段錨點（川床清流），縱向展現白練飛瀑與水上座席之絕妙清涼感。
20260825_105420.jpg,96ae66be87bd0d9d794103f1e92ca95649638181433e58cff675dfb6c790847d,2026-08-25 10:54:20,2252,4000,portrait,kurama_kifune,kawadoko_stream,none,4,sharp,KAWADOKO-OVERVIEW-01,false,omit,none,high,透過竹簾俯瞰下方川床席位與急流石塊。,KAWADOKO-OVERVIEW-01 候補張，竹簾框架稍重，不及 #68 開闊，淘汰。
20260825_105509.jpg,95d71deb004065162dfa248f3deed251babd00f03105a4161620599c6ae8a78f,2026-08-25 10:55:09,2252,4000,portrait,kurama_kifune,kawadoko_stream,tourist,3,sharp,KIFUNE-STREET-01,true,omit,none,high,貴船沿溪料亭街、竹編圍籬、夏日燈籠與漫步遊客。,料亭街景紀錄，已有川床瀑布與溪流足湯等精華，省略。
20260825_105529.jpg,0bfd943c733a48f6cb56142f432e074fca3eacece1351dd64e32097caf0b12f4,2026-08-25 10:55:29,2252,4000,portrait,kurama_kifune,kawadoko_stream,tourist,3,sharp,KIFUNE-STREET-01,false,omit,none,high,貴船街道往上游延伸之路面透視。,KIFUNE-STREET-01 候補張，柏油路面反光較強，淘汰。
20260825_110012.jpg,7d3b0cd41fa9b6cdb39190ed1224ef6793cd9f4b1a3266b450e87d8989579c95,2026-08-25 11:00:12,2252,4000,portrait,kurama_kifune,kifune_shrine,none,3,sharp,,true,omit,none,high,貴船神社結社（中宮 / 戀愛結緣聖地）林間石階、朱紅燈籠與本殿。,結社石階紀錄，省略以保持相簿精簡。
20260825_110046.jpg,80369ce17cb9bab1986480ef817a0ca84e91ff18be692d726593b5414a5aac8b,2026-08-25 11:00:46,2252,4000,portrait,kurama_kifune,kifune_shrine,none,3,sharp,,true,omit,none,high,結社境內天然船形巨石「天磐船」（象徵航海與平安祈願）。,天磐船巨石紀錄，省略。
20260825_110232.jpg,b32e4a6eb2708cbfdbfa284dc2d67be8b6fe1abed5a5fd1a985b98aa983315c4,2026-08-25 11:02:32,2252,4000,portrait,kurama_kifune,upstream_rest,tourist,5,sharp,,true,body_anchor,portrait,high,遊客坐在川床邊緣，雙足浸入貴船川冰涼激流瀑布戲水消暑。,正文第 11 段錨點（溪畔野趣），真實記錄遊人享受天然山泉冰涼足湯的生動體驗。
20260825_110324.jpg,d7421113d27705a217e2943dfe61daaeab36404ab9fef318413db6aad457a5ec,2026-08-25 11:03:24,2252,4000,portrait,kurama_kifune,kawadoko_stream,tourist,3,sharp,,true,omit,none,high,通往溪流川床座席的木造階梯，懸掛黃色紙燈籠與綠樹遮蔭。,川床入口木梯，已有正文川床全景與瀑布席位，省略。
20260825_111136(1).jpg,fe1184b5cf9185d39f059782c31ab91f67858850ee168874ecc81495841f9a29,2026-08-25 11:11:36,2252,4000,portrait,kurama_kifune,upstream_rest,tourist,5,"sharp,watermark",,true,body_anchor,portrait,high,川床榻榻米席上的京都宇治抹茶霜淇淋與冰茶，背景為川床用餐人潮與流水。,正文第 12 段錨點（川床甜品），水上清涼甜品與席位休閒氛圍之特寫。左下角有微小裝置浮水印，輸出時需裁切/清理。
20260825_112335(1).jpg,b537759690c5f5542ac2a08bfe3c74d2a93051368b498ca55f4185b70eeb27ab,2026-08-25 11:23:35,3714,1806,landscape,kurama_kifune,kawadoko_stream,tourist,5,sharp,,true,body_anchor,landscape,high,貴船川水上川床全景橫幅：紅燈籠涼棚、榻榻米座席、食客與腳下滾滾奔流的小瀑布清泉。,正文第 13 段錨點（川床盛夏），大氣橫幅完美詮釋京都夏季川床精髓。亦為頂級 Landscape 橫幅亮點。
20260825_115553.jpg,61fc3c0e6d6090945abc46bd23b8f335f9ef60bf19e5d2e3c0919414f93e3cc5,2026-08-25 11:55:53,2252,4000,portrait,kurama_kifune,upstream_rest,none,4,sharp,,true,gallery_only,portrait,high,貴船川上游天然清澈溪流、青苔巨石與木造吊橋倒影。,直式自然溪谷特寫，陽光穿透水面呈現琉璃般的透明感。
Screenshot_20260825_120907_Weather.jpg,be360170ff5bff9e2628e812897597582f5523db1ab6d4de95792f7147123e49,2026-08-25 12:09:07,1080,2340,portrait,kurama_kifune,other,none,2,screenshot,,true,omit,none,high,手機天氣截圖記錄 12:09 鞍馬貴船町氣溫 33°C 晴朗，體感 37°C。,手機螢幕截圖，作為健行當日高溫背景之佐證資料，不進正文與相簿。
20260825_121153.jpg,b4609f6e18e31b1f2a8f28a422dc0d9a73c1f7ac4eb221ad47b9856b306d2283,2026-08-25 12:11:53,2252,4000,portrait,kurama_kifune,bus_return,none,3,sharp,,true,omit,none,high,貴船接駁公車（京都巴士）停靠於碎石乘車處等待返程乘客。,接駁公車紀錄，已有正文電車進站 #80，省略。
20260825_122104.jpg,9beafebfba8cddec9dcc04563999ee28fab962650c864f02e6b8463eb4492dca,2026-08-25 12:21:04,2252,4000,portrait,kurama_kifune,train_return,tourist,4,sharp,,true,body_anchor,portrait,high,貴船口車站月台候車乘客與進站中的叡山電車（米黃與紅色彩繪）。,正文第 14 段錨點（電車返程），結束翻山健行搭上電車返回京都市區之重要結尾。
20260825_124607.jpg,8777371078ee423846d7d1ed56edf9852e654a30280528bfc1937c6f8e858a0b,2026-08-25 12:46:07,2252,4000,portrait,kurama_kifune,train_return,none,3,sharp,RETURN-TRAIN-01,true,omit,none,high,市區轉運站月台進站中的綠色叡電。,RETURN-TRAIN-01，市區轉運月台普通紀錄，省略。
20260825_125042.jpg,4f7dd7c47704f53c00b015b48ef5d713cf08e8a6b8963de932e0de923eb559e4,2026-08-25 12:50:42,2252,4000,portrait,kurama_kifune,train_return,none,3,sharp,RETURN-TRAIN-01,false,omit,none,high,回程電車駕駛室車前鐵軌交會處與月台遮棚。,RETURN-TRAIN-01 候補，鐵道紀錄但視覺張力平淡，省略。
